{
    "type": "GenericCrafter",
    "name": "铍钍（转换器)",
    "category": "crafting",
    "requirements": [
        "beryllium/12"
    ],
    "outputItem": "thorium/20",
    "itemCapacity": 40,
    "craftTime": 40.00,
    "size": 1,
    "hasPower": true,
    "hasLiquids": false,
    "drawer": {
        "type": "DrawSmelter",
        "flameColor": "ffef99"
    },
    "consumes": {
        "items": {
            "items": [
                "beryllium/20"
            ]
        },
        "power": 0.50
    },
    "research":"core-bastion"
}