{
    "type": "ItemTurret",
    "name":"RA",
    "category": "turret",
    "requirements": [
        "beryllium/35","silicon/40"
    ],
    "ammoTypes": {
      "beryllium":{
    "type": "RailBulletType",
    "shootEffect": "railShoot",
    "length": 250,
    "updateEffectSeg": 60.0,
    "pierceEffect": "railHit",
    "updateEffect": "railTrail",
    "hitEffect": "massiveExplosion",
    "smokeEffect": "shootBig2",
    "damage": 250,
    "pierceDamageFactor": 0.5
}     
    },
    "hasItems": true,
    "hasLiquids": true,
    "itemCapacity": 40,
    "itemCapacity": 14,
    "spread": 2.00,
    "shots": 10,
    "alternate": true,
    "reloadTime": 20.0,
    "restitution": 0.03,
    "range": 400,
    "shootLength":400
    "shootCone": 15.00,
    "health": 2500,
    "inaccuracy": 2.00,
    "rotateSpeed": 10.00,
    "research":"beryllium"
}