{
    "type": "ConsumeGenerator",
    "name": "埃里克尔强力发电机",
    "description": "不属于这个时代的超强科技",
    "size": 1,
    "health": 400,
    "hasLiquids": true,
    "hasItems": true,
    "itemDuration": 300,
    "powerProduction":35,
    "itemCapacity": 20,
    "liquidCapacity": 80,
    "generateEffect": "generatespark",
    "consumes": {
//        "itemFlammable": {        },
        "items":{"items":["beryllium/10"]}
        "liquid": "water/0.4"
    },
    "requirements": [
      	{ "item": "silicon", "amount":20},
			{"item": "graphite","amount": 12},
		{"item": "beryllium", "amount":19}
    ],
/*                drawer = new DrawMulti(new DrawDefault(), new DrawWarmupRegion());*/
     "drawer":{
     "type":"DrawMulti"
     "drawers":[
     "DrawDefault"
     "DrawWarmupRegion"
     ]
     }
    "ambientSound": "smelter",
    "ambientSoundVolume": 0.06,
    "category": "power",
    "research": "silicon-arc-furnace"
}